{
    "dose_rate_photon": {
        "value [mSv/h]": 709.5551123755769,
        "error [mSv/h]": 63.26902085681525,
        "relative_error [%]": 8.91671693337418,
        "unit": "mSv/h",
        "fom": 0.020667769584653155
    },
    "dose_rate_neutron": {
        "value [mSv/h]": 22438.307928174396,
        "error [mSv/h]": 1560.0006788717305,
        "relative_error [%]": 6.952398923596793,
        "unit": "mSv/h",
        "fom": 0.033996499664728654
    }
}