{
    "dose_rate_photon": {
        "value [mSv/h]": 523.9538012770621,
        "error [mSv/h]": 75.07835456711402,
        "relative_error [%]": 14.329193601443738,
        "unit": "mSv/h",
        "fom": 0.028521695521540293
    },
    "dose_rate_neutron": {
        "value [mSv/h]": 17883.365857763332,
        "error [mSv/h]": 1949.2353638571685,
        "relative_error [%]": 10.899711941032553,
        "unit": "mSv/h",
        "fom": 0.04929340280437785
    }
}