Radionuclide;Mass[g]
54Mn;0.00000002
58Co;0.00000003
60Co;0.00000005
59Fe;0.00000001
51Cr;0.00000004
57Co;0.00000002
65Zn;0.00000001
55Fe;0.00000002
56Mn;0.00000003
22Na;0.00000001