{
    "flux_mean": 0.09863176004403548,
    "flux_std_dev": 0.0007710695623184788
}