{
    "flux_mean": 0.0981735304141118,
    "flux_std_dev": 0.00022042014419934678
}