{
    "flux_mean": 0.10015480073210972,
    "flux_std_dev": 0.002633240304077556
}