{
    "flux_mean": 0.09775525043091164,
    "flux_std_dev": 0.00041804718211629443
}