{
    "flux_mean": 0.09863717255373496,
    "flux_std_dev": 0.0007713396158273102
}