{"dose_rate": {"value": 779439109.9082597, "error": 58695182.7353658, "relative_error": 7.5304384895792875, "unit": "microSv/h"}}