{
    "dose_rate_photon": {
        "value [mSv/h]": 110.70564329321795,
        "error [mSv/h]": 32.17490515149387,
        "relative_error [%]": 29.063473364473886,
        "unit": "mSv/h",
        "fom": 0.13706986095822812
    },
    "dose_rate_neutron": {
        "value [mSv/h]": 6224.634869034536,
        "error [mSv/h]": 1676.3493951498733,
        "relative_error [%]": 26.930887199330318,
        "unit": "mSv/h",
        "fom": 0.1596377806391192
    }
}