{
    "dose_rate_photon": {
        "value [mSv/h]": 949.1491286886522,
        "error [mSv/h]": 203.71267051383953,
        "relative_error [%]": 21.46266212089239,
        "unit": "mSv/h",
        "fom": 0.07878529150377969
    },
    "dose_rate_neutron": {
        "value [mSv/h]": 33293.330795101414,
        "error [mSv/h]": 5186.756429112652,
        "relative_error [%]": 15.578965231907048,
        "unit": "mSv/h",
        "fom": 0.14953233238061175
    }
}