{"dose_rate_sievert_per_hour": 292506767.309162, "dose_rate_error_sievert_per_hour": 12753074.59163439, "relative_error_percentage": 4.359924629762552}