{"dose_rate": {"value": 1670866429.3921578, "error": 472765974.404323, "relative_error": 28.29465994934795, "unit": "microSv/h"}}