{
    "sphere_fluxes": [
        0.004335610091861204,
        0.004877417937557561,
        0.005102403225347788,
        0.004885523857332965,
        0.004330221449760496,
        0.004893408876122447,
        0.005613529747514003,
        0.005887436374158672,
        0.005608763519069055,
        0.004881058800513009,
        0.005084867620188208,
        0.005875177397678725,
        0.0061815061619019,
        0.00587860032789463,
        0.005104643528077956,
        0.004878481540445292,
        0.005604319549534744,
        0.005907875888090778,
        0.005608580879272288,
        0.004877582842177436,
        0.0043075297866274455,
        0.00488039932043368,
        0.005077680157877439,
        0.004878825015427963,
        0.004313680062704496
    ],
    "sphere_errors": [
        6.129849392961177e-06,
        9.485673484901904e-06,
        5.1553818541689435e-06,
        6.9499893471703425e-06,
        6.418812723086277e-06,
        1.1849480898084554e-05,
        9.658895847646488e-06,
        8.92425506564935e-06,
        7.813305457926571e-06,
        1.156377888851935e-05,
        1.2298371402890942e-05,
        1.126575315836111e-05,
        1.0052357233905846e-05,
        9.702795020885004e-06,
        8.904951573681086e-06,
        1.0585511839257197e-05,
        1.1192538473798466e-05,
        9.31719053707242e-06,
        8.493123884800811e-06,
        9.691415829093783e-06,
        1.0096195109858984e-05,
        9.975326147550265e-06,
        6.9369977593657715e-06,
        1.015102900587344e-05,
        8.502838804590035e-06
    ],
    "lattice_size": 5,
    "spacing": 7.0,
    "start_y": -14.0,
    "start_z": -14.0
}