{
  "mean_flux": [
    10.797600994253367
  ],
  "std_flux": [
    0.011100340881210395
  ],
  "fission_rate": 0.03377225597693953,
  "nu_fission_rate": 0.0900297143696068,
  "nu_bar": 2.665789174139896
}