{
  "mean_flux": [
    10.786039180594505
  ],
  "std_flux": [
    0.0045109309733915755
  ],
  "fission_rate": 0.03375954879157766,
  "nu_fission_rate": 0.0900199462590127,
  "nu_bar": 2.666503240750389
}