{
    "dose_rate_photon_P1": {
        "value [mSv/h]": 11686966.693641484,
        "error [mSv/h]": 223955.12393402169,
        "relative_error [%]": 1.9162810146097937,
        "unit": "mSv/h"
    },
    "dose_rate_neutron_P1": {
        "value [mSv/h]": 469339110.5788185,
        "error [mSv/h]": 7227451.200575929,
        "relative_error [%]": 1.5399209308728996,
        "unit": "mSv/h"
    },
    "dose_rate_photon_P2": {
        "value [mSv/h]": 499046.4437337542,
        "error [mSv/h]": 46183.08937303252,
        "relative_error [%]": 9.254266802805153,
        "unit": "mSv/h"
    },
    "dose_rate_neutron_P2": {
        "value [mSv/h]": 19218085.67773931,
        "error [mSv/h]": 1308625.5669573115,
        "relative_error [%]": 6.809344015325721,
        "unit": "mSv/h"
    },
    "dose_rate_photon_P3": {
        "value [mSv/h]": 30400.144954461277,
        "error [mSv/h]": 5576.16000938419,
        "relative_error [%]": 18.342544148184654,
        "unit": "mSv/h"
    },
    "dose_rate_neutron_P3": {
        "value [mSv/h]": 1234897.38334585,
        "error [mSv/h]": 187975.98885746265,
        "relative_error [%]": 15.22199264429224,
        "unit": "mSv/h"
    },
    "dose_rate_photon_P4": {
        "value [mSv/h]": 5952.7536804059255,
        "error [mSv/h]": 2418.7391363886504,
        "relative_error [%]": 40.63227316712547,
        "unit": "mSv/h"
    },
    "dose_rate_neutron_P4": {
        "value [mSv/h]": 220279.0256356955,
        "error [mSv/h]": 79258.948228111,
        "relative_error [%]": 35.98115980374454,
        "unit": "mSv/h"
    }
}