{
    "dose_rate": {
        "value [mSv/h]": 5.4039704889348394,
        "error [mSv/h]": 2.909477532753581,
        "relative_error [%]": 53.83962659883177,
        "unit": "mSv/h"
    }
}