{
    "dose_rate": {
        "value [mSv/h]": 0.575816352684503,
        "error [mSv/h]": 0.27589912511158066,
        "relative_error [%]": 47.91443032580029,
        "unit": "mSv/h"
    }
}