{
    "dose_rate": {
        "value [mSv/h]": 3.7577508707607046,
        "error [mSv/h]": 1.949794190977504,
        "relative_error [%]": 51.88726602790449,
        "unit": "mSv/h"
    }
}