{
    "dose_rate": {
        "value [mSv/h]": 5.455067434722345,
        "error [mSv/h]": 2.0983650522586625,
        "relative_error [%]": 38.46634486866735,
        "unit": "mSv/h"
    }
}