{
    "dose_rate": {
        "value [mSv/h]": 56.34724467536388,
        "error [mSv/h]": 13.126335517490453,
        "relative_error [%]": 23.295434573803647,
        "unit": "mSv/h",
        "fom": 0.007630494794722419
    }
}