{
    "dose_rate": {
        "value [mSv/h]": 61.63100247074494,
        "error [mSv/h]": 22.501099558112756,
        "relative_error [%]": 36.50938432941051,
        "unit": "mSv/h",
        "fom": 0.0093492461426106
    }
}