{
    "dose_rate_photon": {
        "value [mSv/h]": 657.757672171105,
        "error [mSv/h]": 86.22318238445042,
        "relative_error [%]": 13.108654757282839,
        "unit": "mSv/h"
    },
    "dose_rate_neutron": {
        "value [mSv/h]": 27885.631538934973,
        "error [mSv/h]": 3156.6556862761436,
        "relative_error [%]": 11.320007875269749,
        "unit": "mSv/h"
    }
}