{
    "flux_mean": 0.09824449907220736,
    "flux_std_dev": 0.00014465390171571695
}