{"dose_rate_sievert_per_hour": 310124664.20660144, "dose_rate_error_sievert_per_hour": 34515549.49451724}