{"dose_rate_sievert_per_hour": 188119191.75899866, "dose_rate_error_sievert_per_hour": 27071924.590841796}